DROP SCHEMA IF EXISTS "JSON_VIEW" CASCADE;

DROP SCHEMA IF EXISTS "JSON_VIEW_INTERNAL" CASCADE;

CREATE SCHEMA "JSON_VIEW";

CREATE SCHEMA "JSON_VIEW_INTERNAL";

CREATE OR REPLACE VIEW "JSON_VIEW"."DEEPDOC" AS
SELECT
  "_id",
  "doc_id",
  "title",
  "profile|object",
  "chain|object",
  "tags|array",
  "metrics|array"
FROM "JVS_SRC"."DEEPDOC";

CREATE OR REPLACE VIEW "JSON_VIEW"."SAMPLE" AS
SELECT
  "_id",
  "id",
  "name",
  "note",
  "child|object",
  "meta|object",
  COALESCE(CAST("value" AS VARCHAR(2000000)), CAST("value|string" AS VARCHAR(2000000))) AS "value",
  COALESCE("shape|object", "shape|array") AS "shape",
  "tags|array",
  "items|array"
FROM "JVS_SRC"."SAMPLE";

CREATE OR REPLACE VIEW "JSON_VIEW_INTERNAL"."DEEPDOC" AS
SELECT *
FROM "JVS_SRC"."DEEPDOC";

CREATE OR REPLACE VIEW "JSON_VIEW_INTERNAL"."DEEPDOC_chain" AS
SELECT *
FROM "JVS_SRC"."DEEPDOC_chain";

CREATE OR REPLACE VIEW "JSON_VIEW_INTERNAL"."DEEPDOC_chain_next" AS
SELECT *
FROM "JVS_SRC"."DEEPDOC_chain_next";

CREATE OR REPLACE VIEW "JSON_VIEW_INTERNAL"."DEEPDOC_chain_next_next" AS
SELECT *
FROM "JVS_SRC"."DEEPDOC_chain_next_next";

CREATE OR REPLACE VIEW "JSON_VIEW_INTERNAL"."DEEPDOC_chain_next_next_next" AS
SELECT *
FROM "JVS_SRC"."DEEPDOC_chain_next_next_next";

CREATE OR REPLACE VIEW "JSON_VIEW_INTERNAL"."DEEPDOC_chain_next_next_next_next" AS
SELECT *
FROM "JVS_SRC"."DEEPDOC_chain_next_next_next_next";

CREATE OR REPLACE VIEW "JSON_VIEW_INTERNAL"."DEEPDOC_chain_next_next_next_next_next" AS
SELECT *
FROM "JVS_SRC"."DEEPDOC_chain_next_next_next_next_next";

CREATE OR REPLACE VIEW "JSON_VIEW_INTERNAL"."DEEPDOC_chain_next_next_next_next_next_next" AS
SELECT *
FROM "JVS_SRC"."DEEPDOC_chain_next_next_next_next_next_next";

CREATE OR REPLACE VIEW "JSON_VIEW_INTERNAL"."DEEPDOC_chain_next_next_next_next_next_next_next" AS
SELECT *
FROM "JVS_SRC"."DEEPDOC_chain_next_next_next_next_next_next_next";

CREATE OR REPLACE VIEW "JSON_VIEW_INTERNAL"."DEEPDOC_chain_next_next_next_next_next_next_next_entries_arr" AS
SELECT *
FROM "JVS_SRC"."DEEPDOC_chain_next_next_next_next_next_next_next_entries_arr";

CREATE OR REPLACE VIEW "JSON_VIEW_INTERNAL"."DEEPDOC_chain_next_next_next_next_next_next_next_entries_arr_extras_arr" AS
SELECT *
FROM "JVS_SRC"."DEEPDOC_chain_next_next_next_next_next_next_next_entries_arr_extras_arr";

CREATE OR REPLACE VIEW "JSON_VIEW_INTERNAL"."DEEPDOC_metrics_arr" AS
SELECT *
FROM "JVS_SRC"."DEEPDOC_metrics_arr";

CREATE OR REPLACE VIEW "JSON_VIEW_INTERNAL"."DEEPDOC_profile" AS
SELECT *
FROM "JVS_SRC"."DEEPDOC_profile";

CREATE OR REPLACE VIEW "JSON_VIEW_INTERNAL"."DEEPDOC_profile_prefs" AS
SELECT *
FROM "JVS_SRC"."DEEPDOC_profile_prefs";

CREATE OR REPLACE VIEW "JSON_VIEW_INTERNAL"."DEEPDOC_tags_arr" AS
SELECT *
FROM "JVS_SRC"."DEEPDOC_tags_arr";

CREATE OR REPLACE VIEW "JSON_VIEW_INTERNAL"."SAMPLE" AS
SELECT *
FROM "JVS_SRC"."SAMPLE";

CREATE OR REPLACE VIEW "JSON_VIEW_INTERNAL"."SAMPLE_child" AS
SELECT *
FROM "JVS_SRC"."SAMPLE_child";

CREATE OR REPLACE VIEW "JSON_VIEW_INTERNAL"."SAMPLE_items_arr" AS
SELECT *
FROM "JVS_SRC"."SAMPLE_items_arr";

CREATE OR REPLACE VIEW "JSON_VIEW_INTERNAL"."SAMPLE_meta" AS
SELECT *
FROM "JVS_SRC"."SAMPLE_meta";

CREATE OR REPLACE VIEW "JSON_VIEW_INTERNAL"."SAMPLE_meta_info" AS
SELECT *
FROM "JVS_SRC"."SAMPLE_meta_info";

CREATE OR REPLACE VIEW "JSON_VIEW_INTERNAL"."SAMPLE_meta_items_arr" AS
SELECT *
FROM "JVS_SRC"."SAMPLE_meta_items_arr";

CREATE OR REPLACE VIEW "JSON_VIEW_INTERNAL"."SAMPLE_tags_arr" AS
SELECT *
FROM "JVS_SRC"."SAMPLE_tags_arr";

CREATE OR REPLACE TABLE "JSON_VIEW_INTERNAL"."__JVS_ROOTS" (
  "ROOT_TABLE" VARCHAR(200) NOT NULL,
  "SOURCE_SCHEMA" VARCHAR(200) NOT NULL,
  "PUBLIC_SCHEMA" VARCHAR(200) NOT NULL,
  "PUBLIC_VIEW" VARCHAR(200) NOT NULL,
  "HELPER_SCHEMA" VARCHAR(200) NOT NULL
);

CREATE OR REPLACE TABLE "JSON_VIEW_INTERNAL"."__JVS_RELATIONSHIPS" (
  "ROOT_TABLE" VARCHAR(200) NOT NULL,
  "PARENT_TABLE" VARCHAR(200) NOT NULL,
  "CHILD_TABLE" VARCHAR(200) NOT NULL,
  "SEGMENT_NAME" VARCHAR(200) NOT NULL,
  "RELATION_KIND" VARCHAR(20) NOT NULL
);

CREATE OR REPLACE TABLE "JSON_VIEW_INTERNAL"."__JVS_COLUMN_MEMBERS" (
  "ROOT_TABLE" VARCHAR(200) NOT NULL,
  "SOURCE_TABLE" VARCHAR(200) NOT NULL,
  "BASE_NAME" VARCHAR(500) NOT NULL,
  "VISIBLE_NAME" VARCHAR(500),
  "MEMBER_NAME" VARCHAR(500) NOT NULL,
  "MEMBER_KIND" VARCHAR(20) NOT NULL,
  "MEMBER_TYPE" VARCHAR(200) NOT NULL,
  "IS_VISIBLE" BOOLEAN NOT NULL,
  "IS_PRIMARY" BOOLEAN NOT NULL,
  "NULL_MASK_NAME" VARCHAR(500)
);

INSERT INTO "JSON_VIEW_INTERNAL"."__JVS_ROOTS" ("ROOT_TABLE", "SOURCE_SCHEMA", "PUBLIC_SCHEMA", "PUBLIC_VIEW", "HELPER_SCHEMA") VALUES ('DEEPDOC', 'JVS_SRC', 'JSON_VIEW', 'DEEPDOC', 'JSON_VIEW_INTERNAL');

INSERT INTO "JSON_VIEW_INTERNAL"."__JVS_ROOTS" ("ROOT_TABLE", "SOURCE_SCHEMA", "PUBLIC_SCHEMA", "PUBLIC_VIEW", "HELPER_SCHEMA") VALUES ('SAMPLE', 'JVS_SRC', 'JSON_VIEW', 'SAMPLE', 'JSON_VIEW_INTERNAL');

INSERT INTO "JSON_VIEW_INTERNAL"."__JVS_RELATIONSHIPS" ("ROOT_TABLE", "PARENT_TABLE", "CHILD_TABLE", "SEGMENT_NAME", "RELATION_KIND") VALUES ('DEEPDOC', 'DEEPDOC', 'DEEPDOC_chain', 'chain', 'object');

INSERT INTO "JSON_VIEW_INTERNAL"."__JVS_RELATIONSHIPS" ("ROOT_TABLE", "PARENT_TABLE", "CHILD_TABLE", "SEGMENT_NAME", "RELATION_KIND") VALUES ('DEEPDOC', 'DEEPDOC', 'DEEPDOC_metrics_arr', 'metrics', 'array');

INSERT INTO "JSON_VIEW_INTERNAL"."__JVS_RELATIONSHIPS" ("ROOT_TABLE", "PARENT_TABLE", "CHILD_TABLE", "SEGMENT_NAME", "RELATION_KIND") VALUES ('DEEPDOC', 'DEEPDOC', 'DEEPDOC_profile', 'profile', 'object');

INSERT INTO "JSON_VIEW_INTERNAL"."__JVS_RELATIONSHIPS" ("ROOT_TABLE", "PARENT_TABLE", "CHILD_TABLE", "SEGMENT_NAME", "RELATION_KIND") VALUES ('DEEPDOC', 'DEEPDOC', 'DEEPDOC_tags_arr', 'tags', 'array');

INSERT INTO "JSON_VIEW_INTERNAL"."__JVS_RELATIONSHIPS" ("ROOT_TABLE", "PARENT_TABLE", "CHILD_TABLE", "SEGMENT_NAME", "RELATION_KIND") VALUES ('DEEPDOC', 'DEEPDOC_chain', 'DEEPDOC_chain_next', 'next', 'object');

INSERT INTO "JSON_VIEW_INTERNAL"."__JVS_RELATIONSHIPS" ("ROOT_TABLE", "PARENT_TABLE", "CHILD_TABLE", "SEGMENT_NAME", "RELATION_KIND") VALUES ('DEEPDOC', 'DEEPDOC_chain_next', 'DEEPDOC_chain_next_next', 'next', 'object');

INSERT INTO "JSON_VIEW_INTERNAL"."__JVS_RELATIONSHIPS" ("ROOT_TABLE", "PARENT_TABLE", "CHILD_TABLE", "SEGMENT_NAME", "RELATION_KIND") VALUES ('DEEPDOC', 'DEEPDOC_chain_next_next', 'DEEPDOC_chain_next_next_next', 'next', 'object');

INSERT INTO "JSON_VIEW_INTERNAL"."__JVS_RELATIONSHIPS" ("ROOT_TABLE", "PARENT_TABLE", "CHILD_TABLE", "SEGMENT_NAME", "RELATION_KIND") VALUES ('DEEPDOC', 'DEEPDOC_chain_next_next_next', 'DEEPDOC_chain_next_next_next_next', 'next', 'object');

INSERT INTO "JSON_VIEW_INTERNAL"."__JVS_RELATIONSHIPS" ("ROOT_TABLE", "PARENT_TABLE", "CHILD_TABLE", "SEGMENT_NAME", "RELATION_KIND") VALUES ('DEEPDOC', 'DEEPDOC_chain_next_next_next_next', 'DEEPDOC_chain_next_next_next_next_next', 'next', 'object');

INSERT INTO "JSON_VIEW_INTERNAL"."__JVS_RELATIONSHIPS" ("ROOT_TABLE", "PARENT_TABLE", "CHILD_TABLE", "SEGMENT_NAME", "RELATION_KIND") VALUES ('DEEPDOC', 'DEEPDOC_chain_next_next_next_next_next', 'DEEPDOC_chain_next_next_next_next_next_next', 'next', 'object');

INSERT INTO "JSON_VIEW_INTERNAL"."__JVS_RELATIONSHIPS" ("ROOT_TABLE", "PARENT_TABLE", "CHILD_TABLE", "SEGMENT_NAME", "RELATION_KIND") VALUES ('DEEPDOC', 'DEEPDOC_chain_next_next_next_next_next_next', 'DEEPDOC_chain_next_next_next_next_next_next_next', 'next', 'object');

INSERT INTO "JSON_VIEW_INTERNAL"."__JVS_RELATIONSHIPS" ("ROOT_TABLE", "PARENT_TABLE", "CHILD_TABLE", "SEGMENT_NAME", "RELATION_KIND") VALUES ('DEEPDOC', 'DEEPDOC_chain_next_next_next_next_next_next_next', 'DEEPDOC_chain_next_next_next_next_next_next_next_entries_arr', 'entries', 'array');

INSERT INTO "JSON_VIEW_INTERNAL"."__JVS_RELATIONSHIPS" ("ROOT_TABLE", "PARENT_TABLE", "CHILD_TABLE", "SEGMENT_NAME", "RELATION_KIND") VALUES ('DEEPDOC', 'DEEPDOC_chain_next_next_next_next_next_next_next_entries_arr', 'DEEPDOC_chain_next_next_next_next_next_next_next_entries_arr_extras_arr', 'extras', 'array');

INSERT INTO "JSON_VIEW_INTERNAL"."__JVS_RELATIONSHIPS" ("ROOT_TABLE", "PARENT_TABLE", "CHILD_TABLE", "SEGMENT_NAME", "RELATION_KIND") VALUES ('DEEPDOC', 'DEEPDOC_profile', 'DEEPDOC_profile_prefs', 'prefs', 'object');

INSERT INTO "JSON_VIEW_INTERNAL"."__JVS_RELATIONSHIPS" ("ROOT_TABLE", "PARENT_TABLE", "CHILD_TABLE", "SEGMENT_NAME", "RELATION_KIND") VALUES ('SAMPLE', 'SAMPLE', 'SAMPLE_child', 'child', 'object');

INSERT INTO "JSON_VIEW_INTERNAL"."__JVS_RELATIONSHIPS" ("ROOT_TABLE", "PARENT_TABLE", "CHILD_TABLE", "SEGMENT_NAME", "RELATION_KIND") VALUES ('SAMPLE', 'SAMPLE', 'SAMPLE_items_arr', 'items', 'array');

INSERT INTO "JSON_VIEW_INTERNAL"."__JVS_RELATIONSHIPS" ("ROOT_TABLE", "PARENT_TABLE", "CHILD_TABLE", "SEGMENT_NAME", "RELATION_KIND") VALUES ('SAMPLE', 'SAMPLE', 'SAMPLE_meta', 'meta', 'object');

INSERT INTO "JSON_VIEW_INTERNAL"."__JVS_RELATIONSHIPS" ("ROOT_TABLE", "PARENT_TABLE", "CHILD_TABLE", "SEGMENT_NAME", "RELATION_KIND") VALUES ('SAMPLE', 'SAMPLE', 'SAMPLE_tags_arr', 'tags', 'array');

INSERT INTO "JSON_VIEW_INTERNAL"."__JVS_RELATIONSHIPS" ("ROOT_TABLE", "PARENT_TABLE", "CHILD_TABLE", "SEGMENT_NAME", "RELATION_KIND") VALUES ('SAMPLE', 'SAMPLE_meta', 'SAMPLE_meta_info', 'info', 'object');

INSERT INTO "JSON_VIEW_INTERNAL"."__JVS_RELATIONSHIPS" ("ROOT_TABLE", "PARENT_TABLE", "CHILD_TABLE", "SEGMENT_NAME", "RELATION_KIND") VALUES ('SAMPLE', 'SAMPLE_meta', 'SAMPLE_meta_items_arr', 'items', 'array');

INSERT INTO "JSON_VIEW_INTERNAL"."__JVS_COLUMN_MEMBERS" ("ROOT_TABLE", "SOURCE_TABLE", "BASE_NAME", "VISIBLE_NAME", "MEMBER_NAME", "MEMBER_KIND", "MEMBER_TYPE", "IS_VISIBLE", "IS_PRIMARY", "NULL_MASK_NAME") VALUES ('DEEPDOC', 'DEEPDOC', 'chain', 'chain|object', 'chain|object', 'object', 'DECIMAL(18,0)', TRUE, FALSE, NULL);

INSERT INTO "JSON_VIEW_INTERNAL"."__JVS_COLUMN_MEMBERS" ("ROOT_TABLE", "SOURCE_TABLE", "BASE_NAME", "VISIBLE_NAME", "MEMBER_NAME", "MEMBER_KIND", "MEMBER_TYPE", "IS_VISIBLE", "IS_PRIMARY", "NULL_MASK_NAME") VALUES ('DEEPDOC', 'DEEPDOC', 'doc_id', 'doc_id', 'doc_id', 'primary', 'DECIMAL(18,0)', TRUE, TRUE, NULL);

INSERT INTO "JSON_VIEW_INTERNAL"."__JVS_COLUMN_MEMBERS" ("ROOT_TABLE", "SOURCE_TABLE", "BASE_NAME", "VISIBLE_NAME", "MEMBER_NAME", "MEMBER_KIND", "MEMBER_TYPE", "IS_VISIBLE", "IS_PRIMARY", "NULL_MASK_NAME") VALUES ('DEEPDOC', 'DEEPDOC', 'metrics', 'metrics|array', 'metrics|array', 'array', 'DECIMAL(18,0)', TRUE, FALSE, NULL);

INSERT INTO "JSON_VIEW_INTERNAL"."__JVS_COLUMN_MEMBERS" ("ROOT_TABLE", "SOURCE_TABLE", "BASE_NAME", "VISIBLE_NAME", "MEMBER_NAME", "MEMBER_KIND", "MEMBER_TYPE", "IS_VISIBLE", "IS_PRIMARY", "NULL_MASK_NAME") VALUES ('DEEPDOC', 'DEEPDOC', 'profile', 'profile|object', 'profile|object', 'object', 'DECIMAL(18,0)', TRUE, FALSE, NULL);

INSERT INTO "JSON_VIEW_INTERNAL"."__JVS_COLUMN_MEMBERS" ("ROOT_TABLE", "SOURCE_TABLE", "BASE_NAME", "VISIBLE_NAME", "MEMBER_NAME", "MEMBER_KIND", "MEMBER_TYPE", "IS_VISIBLE", "IS_PRIMARY", "NULL_MASK_NAME") VALUES ('DEEPDOC', 'DEEPDOC', 'tags', 'tags|array', 'tags|array', 'array', 'DECIMAL(18,0)', TRUE, FALSE, NULL);

INSERT INTO "JSON_VIEW_INTERNAL"."__JVS_COLUMN_MEMBERS" ("ROOT_TABLE", "SOURCE_TABLE", "BASE_NAME", "VISIBLE_NAME", "MEMBER_NAME", "MEMBER_KIND", "MEMBER_TYPE", "IS_VISIBLE", "IS_PRIMARY", "NULL_MASK_NAME") VALUES ('DEEPDOC', 'DEEPDOC', 'title', 'title', 'title', 'primary', 'VARCHAR(100) UTF8', TRUE, TRUE, NULL);

INSERT INTO "JSON_VIEW_INTERNAL"."__JVS_COLUMN_MEMBERS" ("ROOT_TABLE", "SOURCE_TABLE", "BASE_NAME", "VISIBLE_NAME", "MEMBER_NAME", "MEMBER_KIND", "MEMBER_TYPE", "IS_VISIBLE", "IS_PRIMARY", "NULL_MASK_NAME") VALUES ('DEEPDOC', 'DEEPDOC_chain', 'next', 'next|object', 'next|object', 'object', 'DECIMAL(18,0)', TRUE, FALSE, NULL);

INSERT INTO "JSON_VIEW_INTERNAL"."__JVS_COLUMN_MEMBERS" ("ROOT_TABLE", "SOURCE_TABLE", "BASE_NAME", "VISIBLE_NAME", "MEMBER_NAME", "MEMBER_KIND", "MEMBER_TYPE", "IS_VISIBLE", "IS_PRIMARY", "NULL_MASK_NAME") VALUES ('DEEPDOC', 'DEEPDOC_chain_next', 'next', 'next|object', 'next|object', 'object', 'DECIMAL(18,0)', TRUE, FALSE, NULL);

INSERT INTO "JSON_VIEW_INTERNAL"."__JVS_COLUMN_MEMBERS" ("ROOT_TABLE", "SOURCE_TABLE", "BASE_NAME", "VISIBLE_NAME", "MEMBER_NAME", "MEMBER_KIND", "MEMBER_TYPE", "IS_VISIBLE", "IS_PRIMARY", "NULL_MASK_NAME") VALUES ('DEEPDOC', 'DEEPDOC_chain_next_next', 'next', 'next|object', 'next|object', 'object', 'DECIMAL(18,0)', TRUE, FALSE, NULL);

INSERT INTO "JSON_VIEW_INTERNAL"."__JVS_COLUMN_MEMBERS" ("ROOT_TABLE", "SOURCE_TABLE", "BASE_NAME", "VISIBLE_NAME", "MEMBER_NAME", "MEMBER_KIND", "MEMBER_TYPE", "IS_VISIBLE", "IS_PRIMARY", "NULL_MASK_NAME") VALUES ('DEEPDOC', 'DEEPDOC_chain_next_next_next', 'next', 'next|object', 'next|object', 'object', 'DECIMAL(18,0)', TRUE, FALSE, NULL);

INSERT INTO "JSON_VIEW_INTERNAL"."__JVS_COLUMN_MEMBERS" ("ROOT_TABLE", "SOURCE_TABLE", "BASE_NAME", "VISIBLE_NAME", "MEMBER_NAME", "MEMBER_KIND", "MEMBER_TYPE", "IS_VISIBLE", "IS_PRIMARY", "NULL_MASK_NAME") VALUES ('DEEPDOC', 'DEEPDOC_chain_next_next_next_next', 'next', 'next|object', 'next|object', 'object', 'DECIMAL(18,0)', TRUE, FALSE, NULL);

INSERT INTO "JSON_VIEW_INTERNAL"."__JVS_COLUMN_MEMBERS" ("ROOT_TABLE", "SOURCE_TABLE", "BASE_NAME", "VISIBLE_NAME", "MEMBER_NAME", "MEMBER_KIND", "MEMBER_TYPE", "IS_VISIBLE", "IS_PRIMARY", "NULL_MASK_NAME") VALUES ('DEEPDOC', 'DEEPDOC_chain_next_next_next_next_next', 'next', 'next|object', 'next|object', 'object', 'DECIMAL(18,0)', TRUE, FALSE, NULL);

INSERT INTO "JSON_VIEW_INTERNAL"."__JVS_COLUMN_MEMBERS" ("ROOT_TABLE", "SOURCE_TABLE", "BASE_NAME", "VISIBLE_NAME", "MEMBER_NAME", "MEMBER_KIND", "MEMBER_TYPE", "IS_VISIBLE", "IS_PRIMARY", "NULL_MASK_NAME") VALUES ('DEEPDOC', 'DEEPDOC_chain_next_next_next_next_next_next', 'next', 'next|object', 'next|object', 'object', 'DECIMAL(18,0)', TRUE, FALSE, NULL);

INSERT INTO "JSON_VIEW_INTERNAL"."__JVS_COLUMN_MEMBERS" ("ROOT_TABLE", "SOURCE_TABLE", "BASE_NAME", "VISIBLE_NAME", "MEMBER_NAME", "MEMBER_KIND", "MEMBER_TYPE", "IS_VISIBLE", "IS_PRIMARY", "NULL_MASK_NAME") VALUES ('DEEPDOC', 'DEEPDOC_chain_next_next_next_next_next_next_next', 'entries', 'entries|array', 'entries|array', 'array', 'DECIMAL(18,0)', TRUE, FALSE, NULL);

INSERT INTO "JSON_VIEW_INTERNAL"."__JVS_COLUMN_MEMBERS" ("ROOT_TABLE", "SOURCE_TABLE", "BASE_NAME", "VISIBLE_NAME", "MEMBER_NAME", "MEMBER_KIND", "MEMBER_TYPE", "IS_VISIBLE", "IS_PRIMARY", "NULL_MASK_NAME") VALUES ('DEEPDOC', 'DEEPDOC_chain_next_next_next_next_next_next_next', 'leaf_note', 'leaf_note', 'leaf_note', 'primary', 'VARCHAR(100) UTF8', TRUE, TRUE, 'leaf_note|n');

INSERT INTO "JSON_VIEW_INTERNAL"."__JVS_COLUMN_MEMBERS" ("ROOT_TABLE", "SOURCE_TABLE", "BASE_NAME", "VISIBLE_NAME", "MEMBER_NAME", "MEMBER_KIND", "MEMBER_TYPE", "IS_VISIBLE", "IS_PRIMARY", "NULL_MASK_NAME") VALUES ('DEEPDOC', 'DEEPDOC_chain_next_next_next_next_next_next_next', 'reading', 'reading', 'reading', 'primary', 'DECIMAL(18,0)', TRUE, TRUE, 'reading|n');

INSERT INTO "JSON_VIEW_INTERNAL"."__JVS_COLUMN_MEMBERS" ("ROOT_TABLE", "SOURCE_TABLE", "BASE_NAME", "VISIBLE_NAME", "MEMBER_NAME", "MEMBER_KIND", "MEMBER_TYPE", "IS_VISIBLE", "IS_PRIMARY", "NULL_MASK_NAME") VALUES ('DEEPDOC', 'DEEPDOC_chain_next_next_next_next_next_next_next', 'reading', 'reading', 'reading|string', 'alternate', 'VARCHAR(100) UTF8', FALSE, FALSE, 'reading|n');

INSERT INTO "JSON_VIEW_INTERNAL"."__JVS_COLUMN_MEMBERS" ("ROOT_TABLE", "SOURCE_TABLE", "BASE_NAME", "VISIBLE_NAME", "MEMBER_NAME", "MEMBER_KIND", "MEMBER_TYPE", "IS_VISIBLE", "IS_PRIMARY", "NULL_MASK_NAME") VALUES ('DEEPDOC', 'DEEPDOC_chain_next_next_next_next_next_next_next_entries_arr', 'extras', 'extras|array', 'extras|array', 'array', 'DECIMAL(18,0)', TRUE, FALSE, NULL);

INSERT INTO "JSON_VIEW_INTERNAL"."__JVS_COLUMN_MEMBERS" ("ROOT_TABLE", "SOURCE_TABLE", "BASE_NAME", "VISIBLE_NAME", "MEMBER_NAME", "MEMBER_KIND", "MEMBER_TYPE", "IS_VISIBLE", "IS_PRIMARY", "NULL_MASK_NAME") VALUES ('DEEPDOC', 'DEEPDOC_chain_next_next_next_next_next_next_next_entries_arr', 'kind', 'kind', 'kind', 'primary', 'VARCHAR(100) UTF8', TRUE, TRUE, NULL);

INSERT INTO "JSON_VIEW_INTERNAL"."__JVS_COLUMN_MEMBERS" ("ROOT_TABLE", "SOURCE_TABLE", "BASE_NAME", "VISIBLE_NAME", "MEMBER_NAME", "MEMBER_KIND", "MEMBER_TYPE", "IS_VISIBLE", "IS_PRIMARY", "NULL_MASK_NAME") VALUES ('DEEPDOC', 'DEEPDOC_chain_next_next_next_next_next_next_next_entries_arr', 'value', 'value', 'value', 'primary', 'VARCHAR(100) UTF8', TRUE, TRUE, NULL);

INSERT INTO "JSON_VIEW_INTERNAL"."__JVS_COLUMN_MEMBERS" ("ROOT_TABLE", "SOURCE_TABLE", "BASE_NAME", "VISIBLE_NAME", "MEMBER_NAME", "MEMBER_KIND", "MEMBER_TYPE", "IS_VISIBLE", "IS_PRIMARY", "NULL_MASK_NAME") VALUES ('DEEPDOC', 'DEEPDOC_chain_next_next_next_next_next_next_next_entries_arr_extras_arr', '_value', '_value', '_value', 'primary', 'VARCHAR(100) UTF8', TRUE, TRUE, NULL);

INSERT INTO "JSON_VIEW_INTERNAL"."__JVS_COLUMN_MEMBERS" ("ROOT_TABLE", "SOURCE_TABLE", "BASE_NAME", "VISIBLE_NAME", "MEMBER_NAME", "MEMBER_KIND", "MEMBER_TYPE", "IS_VISIBLE", "IS_PRIMARY", "NULL_MASK_NAME") VALUES ('DEEPDOC', 'DEEPDOC_metrics_arr', '_value', '_value', '_value', 'primary', 'DECIMAL(18,0)', TRUE, TRUE, NULL);

INSERT INTO "JSON_VIEW_INTERNAL"."__JVS_COLUMN_MEMBERS" ("ROOT_TABLE", "SOURCE_TABLE", "BASE_NAME", "VISIBLE_NAME", "MEMBER_NAME", "MEMBER_KIND", "MEMBER_TYPE", "IS_VISIBLE", "IS_PRIMARY", "NULL_MASK_NAME") VALUES ('DEEPDOC', 'DEEPDOC_profile', 'nickname', 'nickname', 'nickname', 'primary', 'VARCHAR(100) UTF8', TRUE, TRUE, 'nickname|n');

INSERT INTO "JSON_VIEW_INTERNAL"."__JVS_COLUMN_MEMBERS" ("ROOT_TABLE", "SOURCE_TABLE", "BASE_NAME", "VISIBLE_NAME", "MEMBER_NAME", "MEMBER_KIND", "MEMBER_TYPE", "IS_VISIBLE", "IS_PRIMARY", "NULL_MASK_NAME") VALUES ('DEEPDOC', 'DEEPDOC_profile', 'prefs', 'prefs|object', 'prefs|object', 'object', 'DECIMAL(18,0)', TRUE, FALSE, NULL);

INSERT INTO "JSON_VIEW_INTERNAL"."__JVS_COLUMN_MEMBERS" ("ROOT_TABLE", "SOURCE_TABLE", "BASE_NAME", "VISIBLE_NAME", "MEMBER_NAME", "MEMBER_KIND", "MEMBER_TYPE", "IS_VISIBLE", "IS_PRIMARY", "NULL_MASK_NAME") VALUES ('DEEPDOC', 'DEEPDOC_profile_prefs', 'theme', 'theme', 'theme', 'primary', 'VARCHAR(100) UTF8', TRUE, TRUE, 'theme|n');

INSERT INTO "JSON_VIEW_INTERNAL"."__JVS_COLUMN_MEMBERS" ("ROOT_TABLE", "SOURCE_TABLE", "BASE_NAME", "VISIBLE_NAME", "MEMBER_NAME", "MEMBER_KIND", "MEMBER_TYPE", "IS_VISIBLE", "IS_PRIMARY", "NULL_MASK_NAME") VALUES ('DEEPDOC', 'DEEPDOC_tags_arr', '_value', '_value', '_value', 'primary', 'VARCHAR(100) UTF8', TRUE, TRUE, NULL);

INSERT INTO "JSON_VIEW_INTERNAL"."__JVS_COLUMN_MEMBERS" ("ROOT_TABLE", "SOURCE_TABLE", "BASE_NAME", "VISIBLE_NAME", "MEMBER_NAME", "MEMBER_KIND", "MEMBER_TYPE", "IS_VISIBLE", "IS_PRIMARY", "NULL_MASK_NAME") VALUES ('SAMPLE', 'SAMPLE', 'child', 'child|object', 'child|object', 'object', 'DECIMAL(18,0)', TRUE, FALSE, 'child|n');

INSERT INTO "JSON_VIEW_INTERNAL"."__JVS_COLUMN_MEMBERS" ("ROOT_TABLE", "SOURCE_TABLE", "BASE_NAME", "VISIBLE_NAME", "MEMBER_NAME", "MEMBER_KIND", "MEMBER_TYPE", "IS_VISIBLE", "IS_PRIMARY", "NULL_MASK_NAME") VALUES ('SAMPLE', 'SAMPLE', 'id', 'id', 'id', 'primary', 'DECIMAL(18,0)', TRUE, TRUE, NULL);

INSERT INTO "JSON_VIEW_INTERNAL"."__JVS_COLUMN_MEMBERS" ("ROOT_TABLE", "SOURCE_TABLE", "BASE_NAME", "VISIBLE_NAME", "MEMBER_NAME", "MEMBER_KIND", "MEMBER_TYPE", "IS_VISIBLE", "IS_PRIMARY", "NULL_MASK_NAME") VALUES ('SAMPLE', 'SAMPLE', 'items', 'items|array', 'items|array', 'array', 'DECIMAL(18,0)', TRUE, FALSE, NULL);

INSERT INTO "JSON_VIEW_INTERNAL"."__JVS_COLUMN_MEMBERS" ("ROOT_TABLE", "SOURCE_TABLE", "BASE_NAME", "VISIBLE_NAME", "MEMBER_NAME", "MEMBER_KIND", "MEMBER_TYPE", "IS_VISIBLE", "IS_PRIMARY", "NULL_MASK_NAME") VALUES ('SAMPLE', 'SAMPLE', 'meta', 'meta|object', 'meta|object', 'object', 'DECIMAL(18,0)', TRUE, FALSE, NULL);

INSERT INTO "JSON_VIEW_INTERNAL"."__JVS_COLUMN_MEMBERS" ("ROOT_TABLE", "SOURCE_TABLE", "BASE_NAME", "VISIBLE_NAME", "MEMBER_NAME", "MEMBER_KIND", "MEMBER_TYPE", "IS_VISIBLE", "IS_PRIMARY", "NULL_MASK_NAME") VALUES ('SAMPLE', 'SAMPLE', 'name', 'name', 'name', 'primary', 'VARCHAR(100) UTF8', TRUE, TRUE, NULL);

INSERT INTO "JSON_VIEW_INTERNAL"."__JVS_COLUMN_MEMBERS" ("ROOT_TABLE", "SOURCE_TABLE", "BASE_NAME", "VISIBLE_NAME", "MEMBER_NAME", "MEMBER_KIND", "MEMBER_TYPE", "IS_VISIBLE", "IS_PRIMARY", "NULL_MASK_NAME") VALUES ('SAMPLE', 'SAMPLE', 'note', 'note', 'note', 'primary', 'VARCHAR(100) UTF8', TRUE, TRUE, 'note|n');

INSERT INTO "JSON_VIEW_INTERNAL"."__JVS_COLUMN_MEMBERS" ("ROOT_TABLE", "SOURCE_TABLE", "BASE_NAME", "VISIBLE_NAME", "MEMBER_NAME", "MEMBER_KIND", "MEMBER_TYPE", "IS_VISIBLE", "IS_PRIMARY", "NULL_MASK_NAME") VALUES ('SAMPLE', 'SAMPLE', 'shape', 'shape', 'shape|object', 'object', 'DECIMAL(18,0)', TRUE, FALSE, NULL);

INSERT INTO "JSON_VIEW_INTERNAL"."__JVS_COLUMN_MEMBERS" ("ROOT_TABLE", "SOURCE_TABLE", "BASE_NAME", "VISIBLE_NAME", "MEMBER_NAME", "MEMBER_KIND", "MEMBER_TYPE", "IS_VISIBLE", "IS_PRIMARY", "NULL_MASK_NAME") VALUES ('SAMPLE', 'SAMPLE', 'shape', 'shape', 'shape|array', 'array', 'DECIMAL(18,0)', FALSE, FALSE, NULL);

INSERT INTO "JSON_VIEW_INTERNAL"."__JVS_COLUMN_MEMBERS" ("ROOT_TABLE", "SOURCE_TABLE", "BASE_NAME", "VISIBLE_NAME", "MEMBER_NAME", "MEMBER_KIND", "MEMBER_TYPE", "IS_VISIBLE", "IS_PRIMARY", "NULL_MASK_NAME") VALUES ('SAMPLE', 'SAMPLE', 'tags', 'tags|array', 'tags|array', 'array', 'DECIMAL(18,0)', TRUE, FALSE, NULL);

INSERT INTO "JSON_VIEW_INTERNAL"."__JVS_COLUMN_MEMBERS" ("ROOT_TABLE", "SOURCE_TABLE", "BASE_NAME", "VISIBLE_NAME", "MEMBER_NAME", "MEMBER_KIND", "MEMBER_TYPE", "IS_VISIBLE", "IS_PRIMARY", "NULL_MASK_NAME") VALUES ('SAMPLE', 'SAMPLE', 'value', 'value', 'value', 'primary', 'DECIMAL(18,0)', TRUE, TRUE, 'value|n');

INSERT INTO "JSON_VIEW_INTERNAL"."__JVS_COLUMN_MEMBERS" ("ROOT_TABLE", "SOURCE_TABLE", "BASE_NAME", "VISIBLE_NAME", "MEMBER_NAME", "MEMBER_KIND", "MEMBER_TYPE", "IS_VISIBLE", "IS_PRIMARY", "NULL_MASK_NAME") VALUES ('SAMPLE', 'SAMPLE', 'value', 'value', 'value|string', 'alternate', 'VARCHAR(100) UTF8', FALSE, FALSE, 'value|n');

INSERT INTO "JSON_VIEW_INTERNAL"."__JVS_COLUMN_MEMBERS" ("ROOT_TABLE", "SOURCE_TABLE", "BASE_NAME", "VISIBLE_NAME", "MEMBER_NAME", "MEMBER_KIND", "MEMBER_TYPE", "IS_VISIBLE", "IS_PRIMARY", "NULL_MASK_NAME") VALUES ('SAMPLE', 'SAMPLE_child', 'value', 'value', 'value', 'primary', 'VARCHAR(100) UTF8', TRUE, TRUE, NULL);

INSERT INTO "JSON_VIEW_INTERNAL"."__JVS_COLUMN_MEMBERS" ("ROOT_TABLE", "SOURCE_TABLE", "BASE_NAME", "VISIBLE_NAME", "MEMBER_NAME", "MEMBER_KIND", "MEMBER_TYPE", "IS_VISIBLE", "IS_PRIMARY", "NULL_MASK_NAME") VALUES ('SAMPLE', 'SAMPLE_items_arr', 'label', 'label', 'label', 'primary', 'VARCHAR(100) UTF8', TRUE, TRUE, NULL);

INSERT INTO "JSON_VIEW_INTERNAL"."__JVS_COLUMN_MEMBERS" ("ROOT_TABLE", "SOURCE_TABLE", "BASE_NAME", "VISIBLE_NAME", "MEMBER_NAME", "MEMBER_KIND", "MEMBER_TYPE", "IS_VISIBLE", "IS_PRIMARY", "NULL_MASK_NAME") VALUES ('SAMPLE', 'SAMPLE_items_arr', 'value', 'value', 'value', 'primary', 'VARCHAR(100) UTF8', TRUE, TRUE, NULL);

INSERT INTO "JSON_VIEW_INTERNAL"."__JVS_COLUMN_MEMBERS" ("ROOT_TABLE", "SOURCE_TABLE", "BASE_NAME", "VISIBLE_NAME", "MEMBER_NAME", "MEMBER_KIND", "MEMBER_TYPE", "IS_VISIBLE", "IS_PRIMARY", "NULL_MASK_NAME") VALUES ('SAMPLE', 'SAMPLE_meta', 'flag', 'flag', 'flag', 'primary', 'BOOLEAN', TRUE, TRUE, NULL);

INSERT INTO "JSON_VIEW_INTERNAL"."__JVS_COLUMN_MEMBERS" ("ROOT_TABLE", "SOURCE_TABLE", "BASE_NAME", "VISIBLE_NAME", "MEMBER_NAME", "MEMBER_KIND", "MEMBER_TYPE", "IS_VISIBLE", "IS_PRIMARY", "NULL_MASK_NAME") VALUES ('SAMPLE', 'SAMPLE_meta', 'info', 'info|object', 'info|object', 'object', 'DECIMAL(18,0)', TRUE, FALSE, NULL);

INSERT INTO "JSON_VIEW_INTERNAL"."__JVS_COLUMN_MEMBERS" ("ROOT_TABLE", "SOURCE_TABLE", "BASE_NAME", "VISIBLE_NAME", "MEMBER_NAME", "MEMBER_KIND", "MEMBER_TYPE", "IS_VISIBLE", "IS_PRIMARY", "NULL_MASK_NAME") VALUES ('SAMPLE', 'SAMPLE_meta', 'items', 'items|array', 'items|array', 'array', 'DECIMAL(18,0)', TRUE, FALSE, NULL);

INSERT INTO "JSON_VIEW_INTERNAL"."__JVS_COLUMN_MEMBERS" ("ROOT_TABLE", "SOURCE_TABLE", "BASE_NAME", "VISIBLE_NAME", "MEMBER_NAME", "MEMBER_KIND", "MEMBER_TYPE", "IS_VISIBLE", "IS_PRIMARY", "NULL_MASK_NAME") VALUES ('SAMPLE', 'SAMPLE_meta_info', 'note', 'note', 'note', 'primary', 'VARCHAR(100) UTF8', TRUE, TRUE, 'note|n');

INSERT INTO "JSON_VIEW_INTERNAL"."__JVS_COLUMN_MEMBERS" ("ROOT_TABLE", "SOURCE_TABLE", "BASE_NAME", "VISIBLE_NAME", "MEMBER_NAME", "MEMBER_KIND", "MEMBER_TYPE", "IS_VISIBLE", "IS_PRIMARY", "NULL_MASK_NAME") VALUES ('SAMPLE', 'SAMPLE_meta_items_arr', 'value', 'value', 'value', 'primary', 'VARCHAR(100) UTF8', TRUE, TRUE, NULL);

INSERT INTO "JSON_VIEW_INTERNAL"."__JVS_COLUMN_MEMBERS" ("ROOT_TABLE", "SOURCE_TABLE", "BASE_NAME", "VISIBLE_NAME", "MEMBER_NAME", "MEMBER_KIND", "MEMBER_TYPE", "IS_VISIBLE", "IS_PRIMARY", "NULL_MASK_NAME") VALUES ('SAMPLE', 'SAMPLE_tags_arr', '_value', '_value', '_value', 'primary', 'VARCHAR(100) UTF8', TRUE, TRUE, NULL);
